person_id,first_name,last_name,date_of_birth,driver_license_number,driver_license_state,address_line_1,address_line_2,city,state,postal_code,country,lob_type,synthetic_source
38af933f-c4e5-0a39-aaab-c328ad568494,Taylor,Smith,2018-07-08,OR9562552,OR,100 Main Street,Apt 200,Eugene,OR,97381,US,Personal,enterprise-synthetic-data-hub v0.1
ccdd7cef-39be-37a7-82ae-fc6d707056ff,Logan,Rivera,2019-05-14,CA5418374,CA,101 Main Street,,San Mateo,CA,94781,US,Commercial,enterprise-synthetic-data-hub v0.1
2742c020-f58f-0795-04f3-6d456ca8e125,Jordan,Patel,1980-12-07,NV5001211,NV,102 Main Street,,Henderson,NV,88914,US,Personal,enterprise-synthetic-data-hub v0.1
0d31bad7-6bb9-9fd2-876c-441044bfccb7,Casey,Patel,1998-08-06,OR4399628,OR,103 Main Street,Apt 203,Portland,OR,97040,US,Personal,enterprise-synthetic-data-hub v0.1
88552293-e7d9-3a4e-a7cc-5892ca1144eb,Logan,Smith,2008-08-31,WA6281460,WA,104 Main Street,,Tacoma,WA,98108,US,Personal,enterprise-synthetic-data-hub v0.1
42a26eb6-4526-434c-9698-f43dd17298d9,Alex,Garcia,2019-12-26,OR5543684,OR,105 Main Street,,Portland,OR,97585,US,Personal,enterprise-synthetic-data-hub v0.1
1415278a-3d86-2741-dbb2-16d437f607f8,Logan,Garcia,1995-09-03,CA6188756,CA,106 Main Street,Apt 206,San Mateo,CA,94754,US,Personal,enterprise-synthetic-data-hub v0.1
0849fc29-537a-86bd-b658-cab80cd274e4,Jordan,Zhou,1983-02-21,WA7972662,WA,107 Main Street,,Tacoma,WA,98118,US,Commercial,enterprise-synthetic-data-hub v0.1
fc9766fa-8892-4a3e-bcb9-43c7f88d9cc9,Casey,Patel,2007-10-19,CA2156066,CA,108 Main Street,,Walnut Creek,CA,94926,US,Personal,enterprise-synthetic-data-hub v0.1
7cb86cd0-21bf-7863-a630-ab13645c3e68,Alex,Patel,2013-06-10,WA3607257,WA,109 Main Street,Apt 209,Tacoma,WA,98439,US,Commercial,enterprise-synthetic-data-hub v0.1
804d9fc4-23fe-255c-5bcd-7058a03a33d2,Jordan,Garcia,1997-12-11,OR4540871,OR,110 Main Street,,Eugene,OR,97044,US,Personal,enterprise-synthetic-data-hub v0.1
f0c1c464-86c1-be0d-5a5d-b8cd33fe33e9,Logan,Patel,1974-06-16,AZ6171385,AZ,111 Main Street,,Tempe,AZ,85260,US,Personal,enterprise-synthetic-data-hub v0.1
06df9fa9-4252-673b-f952-8f8e55e42313,Jordan,Nguyen,1981-07-10,AZ1276946,AZ,112 Main Street,Apt 212,Tempe,AZ,85175,US,Commercial,enterprise-synthetic-data-hub v0.1
c2e5942b-3d1d-9e1f-25b2-2b5802b5ea45,Taylor,Garcia,1973-08-19,WA1924249,WA,113 Main Street,,Tacoma,WA,98402,US,Commercial,enterprise-synthetic-data-hub v0.1
32d61812-6c87-80d6-c69e-aeefdc8f1659,Logan,Smith,1995-05-17,OR6570839,OR,114 Main Street,,Eugene,OR,97546,US,Personal,enterprise-synthetic-data-hub v0.1
d5bf3513-22e9-a3ee-057c-85fafab48752,Morgan,Thompson,1999-12-10,CA3552149,CA,115 Main Street,Apt 215,San Mateo,CA,94757,US,Personal,enterprise-synthetic-data-hub v0.1
a852f9cb-613c-9345-c8c5-f96be5a69e4c,Morgan,Thompson,2011-09-01,CA8300699,CA,116 Main Street,,San Mateo,CA,94780,US,Personal,enterprise-synthetic-data-hub v0.1
3dafe7ee-7251-eb97-7871-e4bcf27be406,Logan,Garcia,1976-08-20,AZ1467044,AZ,117 Main Street,,Phoenix,AZ,85163,US,Personal,enterprise-synthetic-data-hub v0.1
805f1a51-dbf9-1ca3-abc7-0c8063733481,Jordan,Nguyen,1977-11-04,NV1414184,NV,118 Main Street,Apt 218,Henderson,NV,88910,US,Personal,enterprise-synthetic-data-hub v0.1
1404d105-b763-0362-2fcc-9217badd8628,Logan,Zhou,2001-02-28,CA5067580,CA,119 Main Street,,Walnut Creek,CA,94889,US,Personal,enterprise-synthetic-data-hub v0.1
35f6c4e4-2a95-d57f-b116-576a8fc9152e,Alex,Smith,2021-10-03,AZ2492073,AZ,120 Main Street,,Tempe,AZ,85050,US,Personal,enterprise-synthetic-data-hub v0.1
e76d30c3-51cb-464a-7e8d-1b97a89dcf03,Avery,Rivera,2018-01-15,NV4954357,NV,121 Main Street,Apt 221,Henderson,NV,88935,US,Personal,enterprise-synthetic-data-hub v0.1
7d63a290-966b-f096-f61f-0c2d49e44b59,Casey,Thompson,1973-01-01,AZ6846264,AZ,122 Main Street,,Tempe,AZ,85162,US,Personal,enterprise-synthetic-data-hub v0.1
c767fad0-738f-6880-457a-c3702ba13294,Taylor,Zhou,2002-02-07,NV5312266,NV,123 Main Street,,Las Vegas,NV,89110,US,Commercial,enterprise-synthetic-data-hub v0.1
348fcd30-8539-d6e1-2321-38443174b862,Logan,Patel,2016-09-10,CA5852793,CA,124 Main Street,Apt 224,San Mateo,CA,94635,US,Commercial,enterprise-synthetic-data-hub v0.1
d6aa4616-1176-5188-999d-1916ff052094,Taylor,Garcia,2000-11-14,OR9926838,OR,125 Main Street,,Eugene,OR,97437,US,Commercial,enterprise-synthetic-data-hub v0.1
7e278b09-e267-7c1b-f2a6-501af0ef2fac,Alex,Nguyen,1971-08-21,CA4902203,CA,126 Main Street,,San Mateo,CA,94621,US,Commercial,enterprise-synthetic-data-hub v0.1
fafe8d03-ebcc-24d9-2309-7390ac89d7f7,Avery,Patel,1999-10-31,OR2147432,OR,127 Main Street,Apt 227,Eugene,OR,97183,US,Personal,enterprise-synthetic-data-hub v0.1
7593d345-66fc-ada5-d002-a1e4b75f320a,Logan,Smith,1986-02-15,WA5223366,WA,128 Main Street,,Tacoma,WA,98586,US,Personal,enterprise-synthetic-data-hub v0.1
ecb64da6-8974-93d8-dbc8-522363db5fea,Logan,Rivera,1998-01-31,OR6094386,OR,129 Main Street,,Portland,OR,97404,US,Commercial,enterprise-synthetic-data-hub v0.1
21eb8e58-3d78-da8f-4e58-994fef959098,Taylor,Patel,2010-03-18,OR9397834,OR,130 Main Street,Apt 230,Eugene,OR,97078,US,Personal,enterprise-synthetic-data-hub v0.1
8889bbe2-dac6-a07a-4431-dc264d30f28e,Taylor,Smith,2022-05-25,CA8097083,CA,131 Main Street,,Walnut Creek,CA,94823,US,Commercial,enterprise-synthetic-data-hub v0.1
d9917491-b423-4cc2-195e-7ddd6bfcbf11,Alex,Zhou,2009-10-31,WA9256662,WA,132 Main Street,,Seattle,WA,98002,US,Personal,enterprise-synthetic-data-hub v0.1
43cfe531-13ef-dffa-ad76-cdd50b3fb0cc,Logan,Garcia,1982-06-14,WA7687130,WA,133 Main Street,Apt 233,Seattle,WA,98405,US,Commercial,enterprise-synthetic-data-hub v0.1
a745a238-2552-44ab-853b-8265279b2f17,Avery,Patel,1982-06-10,CA7432762,CA,134 Main Street,,San Mateo,CA,94881,US,Commercial,enterprise-synthetic-data-hub v0.1
95dbf411-ceb5-cc7b-dfcf-4dca47e5ba8b,Casey,Thompson,1972-12-29,CA5937275,CA,135 Main Street,,San Mateo,CA,94919,US,Commercial,enterprise-synthetic-data-hub v0.1
dd33fa54-2317-d81f-6084-5b64fd37bae8,Jordan,Rivera,1981-12-23,CA4564347,CA,136 Main Street,Apt 236,Walnut Creek,CA,94948,US,Personal,enterprise-synthetic-data-hub v0.1
63486ecb-ca22-8050-6975-7514c5bd6920,Morgan,Zhou,2012-03-03,NV1531800,NV,137 Main Street,,Las Vegas,NV,89154,US,Commercial,enterprise-synthetic-data-hub v0.1
e195c588-37d7-a954-f3ab-9d3237b219f0,Taylor,Nguyen,1984-10-06,WA4475397,WA,138 Main Street,,Seattle,WA,98339,US,Personal,enterprise-synthetic-data-hub v0.1
d6db5475-bfac-ffbe-faae-6642024dd514,Avery,Rivera,2018-09-03,CA4412063,CA,139 Main Street,Apt 239,Walnut Creek,CA,94829,US,Personal,enterprise-synthetic-data-hub v0.1
16cc5e17-355b-15f7-5bb3-277d4bc5e3f3,Alex,Zhou,2009-06-25,OR9983802,OR,140 Main Street,,Portland,OR,97033,US,Personal,enterprise-synthetic-data-hub v0.1
3f082e1a-9c2b-cf86-cba5-466a99cbb021,Taylor,Patel,1988-10-16,AZ7386005,AZ,141 Main Street,,Phoenix,AZ,85098,US,Commercial,enterprise-synthetic-data-hub v0.1
3897e7db-6366-607d-eca0-f4cab010c50a,Casey,Nguyen,2012-03-30,NV6658390,NV,142 Main Street,Apt 242,Las Vegas,NV,88997,US,Personal,enterprise-synthetic-data-hub v0.1
d5351bd4-7670-53d3-525e-c600b87a32d6,Logan,Nguyen,1978-06-25,CA1412221,CA,143 Main Street,,Walnut Creek,CA,94825,US,Personal,enterprise-synthetic-data-hub v0.1
c3f79def-be14-3db3-b744-0b7b22b37e77,Logan,Zhou,1986-12-30,OR5611165,OR,144 Main Street,,Eugene,OR,97404,US,Personal,enterprise-synthetic-data-hub v0.1
4d200cd0-fccf-1981-1123-e6509974b87d,Logan,Nguyen,2006-06-20,OR2782032,OR,145 Main Street,Apt 245,Eugene,OR,97413,US,Personal,enterprise-synthetic-data-hub v0.1
d178f78f-b52b-7a73-1c5a-bd59a0d2ead1,Casey,Rivera,1989-03-09,AZ4849973,AZ,146 Main Street,,Tempe,AZ,85034,US,Personal,enterprise-synthetic-data-hub v0.1
5e30b846-48de-f84e-9613-51624e54769b,Morgan,Garcia,2008-01-13,NV9076602,NV,147 Main Street,,Las Vegas,NV,89130,US,Commercial,enterprise-synthetic-data-hub v0.1
80b7b022-90f5-fdc3-4f91-8165f0ab626c,Casey,Patel,1978-10-30,AZ1192250,AZ,148 Main Street,Apt 248,Tempe,AZ,85231,US,Personal,enterprise-synthetic-data-hub v0.1
88629936-4a87-bd7e-7660-9f70758cc7bd,Morgan,Nguyen,2007-11-27,NV3204915,NV,149 Main Street,,Henderson,NV,89185,US,Personal,enterprise-synthetic-data-hub v0.1
8536bc67-c7b3-a23b-2d2f-8d1b2a8e7d9e,Taylor,Rivera,1983-11-08,AZ7974341,AZ,150 Main Street,,Tempe,AZ,85130,US,Personal,enterprise-synthetic-data-hub v0.1
3202c04e-8f3c-adde-2cc4-cafff7908ce0,Avery,Thompson,1974-01-13,OR1835591,OR,151 Main Street,Apt 251,Eugene,OR,97521,US,Personal,enterprise-synthetic-data-hub v0.1
b87c997e-e9d3-306e-1f18-7e67d267d73b,Avery,Zhou,1977-10-14,OR8235740,OR,152 Main Street,,Eugene,OR,97363,US,Personal,enterprise-synthetic-data-hub v0.1
db040ea6-4818-3871-524c-620a4c889e16,Casey,Rivera,2012-06-14,WA9920571,WA,153 Main Street,,Tacoma,WA,98462,US,Personal,enterprise-synthetic-data-hub v0.1
833e57ff-20a9-61c7-db72-f458b3da41ec,Avery,Nguyen,1999-04-03,WA5696907,WA,154 Main Street,Apt 254,Seattle,WA,98503,US,Commercial,enterprise-synthetic-data-hub v0.1
9ff24d32-4f3e-3317-b340-bdff71d12ed9,Avery,Nguyen,1995-06-19,AZ4489713,AZ,155 Main Street,,Phoenix,AZ,85249,US,Personal,enterprise-synthetic-data-hub v0.1
1a3ce021-d2eb-22bb-878d-021e4a550e71,Alex,Thompson,2019-08-12,WA2577353,WA,156 Main Street,,Seattle,WA,98289,US,Commercial,enterprise-synthetic-data-hub v0.1
21aba3c1-bc7a-450d-577f-9e8401c13d06,Casey,Zhou,1990-05-01,OR5184763,OR,157 Main Street,Apt 257,Eugene,OR,97447,US,Personal,enterprise-synthetic-data-hub v0.1
8520c214-ebb2-744c-fd1f-a134af11b886,Avery,Nguyen,1972-09-25,CA2767920,CA,158 Main Street,,San Mateo,CA,94699,US,Personal,enterprise-synthetic-data-hub v0.1
37587323-bf06-2f2f-e2cc-e3e5d5b26934,Jordan,Thompson,1986-01-19,OR8248719,OR,159 Main Street,,Portland,OR,97226,US,Personal,enterprise-synthetic-data-hub v0.1
144cfb72-456a-35d1-b5d4-0ce58308d2a5,Avery,Zhou,1982-08-24,AZ7157549,AZ,160 Main Street,Apt 260,Tempe,AZ,85086,US,Commercial,enterprise-synthetic-data-hub v0.1
0160c4e6-ba5e-c307-fac0-a13a99b06764,Casey,Thompson,1971-05-02,OR1724924,OR,161 Main Street,,Eugene,OR,97294,US,Personal,enterprise-synthetic-data-hub v0.1
41cf841f-20c2-b7b5-235f-2cd0621fc4d3,Alex,Zhou,2016-05-16,CA9692599,CA,162 Main Street,,Walnut Creek,CA,94837,US,Personal,enterprise-synthetic-data-hub v0.1
b271a33b-5c6e-d234-d6a7-b8eed1737259,Alex,Nguyen,2012-08-22,OR9777686,OR,163 Main Street,Apt 263,Eugene,OR,97015,US,Personal,enterprise-synthetic-data-hub v0.1
84dc6072-b5bb-6049-9d18-3e620ed69260,Avery,Smith,1995-12-16,CA3106175,CA,164 Main Street,,San Mateo,CA,94754,US,Commercial,enterprise-synthetic-data-hub v0.1
7cbf06db-8d3b-d5a1-52c5-7f467b4f1342,Logan,Thompson,1974-10-04,WA8050919,WA,165 Main Street,,Tacoma,WA,98499,US,Commercial,enterprise-synthetic-data-hub v0.1
267c9c6d-872b-5d48-1abd-8ed422ce611a,Morgan,Rivera,1982-12-05,NV2410551,NV,166 Main Street,Apt 266,Henderson,NV,89077,US,Personal,enterprise-synthetic-data-hub v0.1
f0cc268e-4bae-93f1-978f-efc84d75d1a0,Morgan,Rivera,2011-06-30,NV5805400,NV,167 Main Street,,Henderson,NV,89079,US,Personal,enterprise-synthetic-data-hub v0.1
0daedb98-2d74-93ca-4b68-1b4762a3ffe3,Jordan,Zhou,2020-01-24,OR6944012,OR,168 Main Street,,Eugene,OR,97515,US,Personal,enterprise-synthetic-data-hub v0.1
9d512603-a1a9-1752-2af5-2b80ae7c6f0b,Casey,Garcia,2019-08-06,AZ9789381,AZ,169 Main Street,Apt 269,Tempe,AZ,85060,US,Commercial,enterprise-synthetic-data-hub v0.1
303b89d3-a40d-9c6c-f8b1-d9ce479fd1d7,Logan,Nguyen,2003-12-31,WA4287157,WA,170 Main Street,,Tacoma,WA,98408,US,Personal,enterprise-synthetic-data-hub v0.1
f4746789-9404-b1d2-37d3-0ab3818f8793,Casey,Garcia,2005-09-25,CA1775085,CA,171 Main Street,,San Mateo,CA,94693,US,Commercial,enterprise-synthetic-data-hub v0.1
d1d69a32-14a7-73a2-31ad-ff27144cf425,Casey,Rivera,1999-09-20,AZ6059737,AZ,172 Main Street,Apt 272,Phoenix,AZ,85190,US,Personal,enterprise-synthetic-data-hub v0.1
095e0b91-846a-4f4d-a8f0-7d4324c35f35,Alex,Garcia,2020-11-19,OR5464253,OR,173 Main Street,,Eugene,OR,97195,US,Personal,enterprise-synthetic-data-hub v0.1
a9b563a5-1989-33ac-65dc-896d9e10c708,Morgan,Garcia,1982-08-11,NV4299503,NV,174 Main Street,,Las Vegas,NV,88992,US,Personal,enterprise-synthetic-data-hub v0.1
c0a5c717-c438-c899-51de-dd0496369f54,Taylor,Patel,2012-03-18,CA2360725,CA,175 Main Street,Apt 275,San Mateo,CA,94666,US,Personal,enterprise-synthetic-data-hub v0.1
03ddd582-8334-884f-f594-a56569ee0a75,Jordan,Nguyen,1993-02-04,NV8988727,NV,176 Main Street,,Las Vegas,NV,88981,US,Personal,enterprise-synthetic-data-hub v0.1
a370966e-a7a5-b151-3d5e-b15a158b0c1f,Alex,Thompson,1979-05-22,WA3993371,WA,177 Main Street,,Tacoma,WA,98314,US,Personal,enterprise-synthetic-data-hub v0.1
3b697dc0-e232-ba2a-abc4-63045acbd0c6,Logan,Nguyen,2012-08-01,CA6839630,CA,178 Main Street,Apt 278,Walnut Creek,CA,94940,US,Commercial,enterprise-synthetic-data-hub v0.1
07a328e9-0622-29d2-9ee3-7ff4c028534e,Logan,Rivera,1980-02-23,AZ5755751,AZ,179 Main Street,,Tempe,AZ,85001,US,Commercial,enterprise-synthetic-data-hub v0.1
40b5d8e5-8611-a6d7-cd21-fe139d530f2a,Alex,Garcia,1995-03-19,CA4644590,CA,180 Main Street,,Walnut Creek,CA,94764,US,Personal,enterprise-synthetic-data-hub v0.1
77d4cc12-1cae-4938-49c4-4240d49bc56a,Morgan,Garcia,1977-10-26,OR6093823,OR,181 Main Street,Apt 281,Portland,OR,97035,US,Personal,enterprise-synthetic-data-hub v0.1
c4bb6b68-8e90-bddc-ca3c-06498f569854,Avery,Patel,2010-05-10,CA3482885,CA,182 Main Street,,Walnut Creek,CA,94889,US,Personal,enterprise-synthetic-data-hub v0.1
23aa8f02-6aba-081b-3396-ef7e93010b46,Avery,Garcia,1994-07-10,NV1101355,NV,183 Main Street,,Las Vegas,NV,89176,US,Personal,enterprise-synthetic-data-hub v0.1
fba6a41a-56be-3ebe-ee26-5419a5e7e88f,Taylor,Nguyen,1995-09-15,WA2021257,WA,184 Main Street,Apt 284,Seattle,WA,98116,US,Personal,enterprise-synthetic-data-hub v0.1
19ae30ba-5d1e-10b1-086f-1fa137263650,Taylor,Smith,1975-09-28,WA2506031,WA,185 Main Street,,Seattle,WA,98456,US,Personal,enterprise-synthetic-data-hub v0.1
4d47e957-32ef-bfd1-1039-f06e9f4719f8,Alex,Garcia,1988-09-06,CA6551689,CA,186 Main Street,,Walnut Creek,CA,94907,US,Commercial,enterprise-synthetic-data-hub v0.1
a51fffab-8c4d-8c14-6ec5-1be1803d00c1,Avery,Smith,1976-06-11,CA9746083,CA,187 Main Street,Apt 287,Walnut Creek,CA,94796,US,Personal,enterprise-synthetic-data-hub v0.1
f8a7fe90-e321-daf3-39e5-ab283e737013,Logan,Thompson,2015-02-24,OR6445964,OR,188 Main Street,,Portland,OR,97197,US,Personal,enterprise-synthetic-data-hub v0.1
88096cdb-57c8-f2d4-76f6-74f48ba579bf,Jordan,Garcia,1992-10-18,WA3879599,WA,189 Main Street,,Seattle,WA,98592,US,Commercial,enterprise-synthetic-data-hub v0.1
128e8151-249e-a3b8-74c7-c55cb1537404,Morgan,Thompson,1987-06-18,CA2822207,CA,190 Main Street,Apt 290,Walnut Creek,CA,94696,US,Commercial,enterprise-synthetic-data-hub v0.1
57237e1d-b76f-6e42-f7ae-a9bd5b4879e2,Taylor,Thompson,1973-01-31,CA2268989,CA,191 Main Street,,San Mateo,CA,94703,US,Personal,enterprise-synthetic-data-hub v0.1
9c2b9a10-9561-bb94-7c3b-c00bbe3f3900,Taylor,Smith,1992-09-12,NV1609694,NV,192 Main Street,,Henderson,NV,88912,US,Commercial,enterprise-synthetic-data-hub v0.1
e227cf44-f55a-260f-37ca-783740565712,Avery,Nguyen,2024-07-27,WA6778076,WA,193 Main Street,Apt 293,Tacoma,WA,98520,US,Commercial,enterprise-synthetic-data-hub v0.1
9adfd7fd-f63e-8583-a20d-b91daa03a3b5,Taylor,Nguyen,1995-08-03,NV8439374,NV,194 Main Street,,Henderson,NV,89003,US,Commercial,enterprise-synthetic-data-hub v0.1
8f9f1d5f-e34f-785e-3177-7fa92b7d602c,Jordan,Nguyen,1987-09-12,CA7471494,CA,195 Main Street,,Walnut Creek,CA,94723,US,Personal,enterprise-synthetic-data-hub v0.1
823538e3-a6a6-2d43-1aac-b03ed52d8b66,Casey,Zhou,2007-04-09,AZ7166063,AZ,196 Main Street,Apt 296,Phoenix,AZ,85193,US,Personal,enterprise-synthetic-data-hub v0.1
d7fdea77-7361-0833-dedf-e8aacc88a0a7,Taylor,Smith,1977-02-24,NV3229666,NV,197 Main Street,,Henderson,NV,89011,US,Personal,enterprise-synthetic-data-hub v0.1
05cfda95-cea7-0215-4ff1-c381dd642eae,Avery,Zhou,2021-04-08,AZ7712091,AZ,198 Main Street,,Tempe,AZ,85071,US,Personal,enterprise-synthetic-data-hub v0.1
d30a582c-f47b-198a-9bcd-06959e01cb3d,Morgan,Rivera,2018-08-12,CA8644029,CA,199 Main Street,Apt 299,San Mateo,CA,94884,US,Personal,enterprise-synthetic-data-hub v0.1
bbc1fddc-182c-8843-e266-76e733b86faf,Casey,Zhou,2021-07-13,AZ2466978,AZ,200 Main Street,,Phoenix,AZ,85288,US,Commercial,enterprise-synthetic-data-hub v0.1
894b4b14-dd9d-40ca-9d64-b44ce3c7eb0c,Logan,Thompson,2015-08-03,OR9191289,OR,201 Main Street,,Eugene,OR,97087,US,Personal,enterprise-synthetic-data-hub v0.1
7174cb25-dc0d-4eb9-78ae-db72a6e59cb1,Jordan,Rivera,1998-03-24,CA3123969,CA,202 Main Street,Apt 302,Walnut Creek,CA,94628,US,Commercial,enterprise-synthetic-data-hub v0.1
4b9f7f2e-7e06-1d0c-a108-033ff78ef816,Alex,Patel,1988-07-07,CA1080997,CA,203 Main Street,,San Mateo,CA,94769,US,Personal,enterprise-synthetic-data-hub v0.1
b77fb9e8-af20-f05f-251a-42c6c8c6aa09,Casey,Zhou,2020-09-18,AZ9623166,AZ,204 Main Street,,Phoenix,AZ,85075,US,Personal,enterprise-synthetic-data-hub v0.1
135db03d-fb9f-0899-31ba-a20bcac8f6f0,Casey,Smith,1987-12-01,OR8866979,OR,205 Main Street,Apt 305,Portland,OR,97483,US,Personal,enterprise-synthetic-data-hub v0.1
ae8ca484-380d-36ec-a9c0-44f5aca4ade0,Avery,Thompson,2015-07-16,OR9481593,OR,206 Main Street,,Portland,OR,97565,US,Personal,enterprise-synthetic-data-hub v0.1
a705e957-04b9-e514-89f0-617b1227eda2,Logan,Zhou,1995-12-17,WA6389260,WA,207 Main Street,,Tacoma,WA,98547,US,Personal,enterprise-synthetic-data-hub v0.1
8dfe5dc4-dc5f-554c-2818-9f4faae365c3,Jordan,Garcia,1991-03-14,CA2186892,CA,208 Main Street,Apt 308,Walnut Creek,CA,94873,US,Personal,enterprise-synthetic-data-hub v0.1
4d6522b2-024e-6f1e-0033-f4ba24c59c6b,Avery,Smith,2015-04-14,WA9322330,WA,209 Main Street,,Tacoma,WA,98381,US,Personal,enterprise-synthetic-data-hub v0.1
2d3d41e5-f1b8-b424-43d3-de0071b9166d,Avery,Zhou,1996-11-23,WA1190341,WA,210 Main Street,,Tacoma,WA,98140,US,Personal,enterprise-synthetic-data-hub v0.1
b4f82fc4-1cbc-fd6c-5ed8-f93cec1bf8e9,Casey,Nguyen,2007-08-24,CA1102191,CA,211 Main Street,Apt 311,San Mateo,CA,94821,US,Personal,enterprise-synthetic-data-hub v0.1
e76aa44c-2177-8f6a-0ae5-54d7f4da053b,Casey,Nguyen,1997-03-06,WA2995009,WA,212 Main Street,,Tacoma,WA,98124,US,Personal,enterprise-synthetic-data-hub v0.1
830ba087-d956-c7f5-94ff-d25204947830,Taylor,Zhou,2006-10-13,OR4512776,OR,213 Main Street,,Portland,OR,97197,US,Personal,enterprise-synthetic-data-hub v0.1
268a4ba7-a971-4faa-eb5e-7734b9981f95,Logan,Zhou,1984-04-25,NV7291784,NV,214 Main Street,Apt 314,Las Vegas,NV,88999,US,Personal,enterprise-synthetic-data-hub v0.1
4597f9c6-e72b-67be-c3ab-dcffd6d21905,Avery,Thompson,1991-07-22,AZ9773544,AZ,215 Main Street,,Tempe,AZ,85099,US,Personal,enterprise-synthetic-data-hub v0.1
629bab0a-a5c6-e950-283e-31545359627b,Jordan,Thompson,1971-11-21,AZ4257804,AZ,216 Main Street,,Phoenix,AZ,85119,US,Personal,enterprise-synthetic-data-hub v0.1
bf5a235e-c3f4-73e9-0be6-bae7de6be51c,Casey,Zhou,1972-03-04,AZ9254039,AZ,217 Main Street,Apt 317,Phoenix,AZ,85004,US,Commercial,enterprise-synthetic-data-hub v0.1
ce2fff34-0657-b778-7101-6bba71c53213,Morgan,Rivera,2009-10-05,AZ7087688,AZ,218 Main Street,,Tempe,AZ,85028,US,Personal,enterprise-synthetic-data-hub v0.1
ad877e4e-1cd6-b821-6552-3f4bc45a89d3,Alex,Patel,1992-09-26,CA1279292,CA,219 Main Street,,San Mateo,CA,94874,US,Personal,enterprise-synthetic-data-hub v0.1
abe681c6-4885-da51-46d4-2dd610064756,Alex,Thompson,2010-12-02,CA8459443,CA,220 Main Street,Apt 320,Walnut Creek,CA,94925,US,Commercial,enterprise-synthetic-data-hub v0.1
076efbf0-7b2d-9a1e-e43b-0bba9beb84c2,Jordan,Thompson,2014-06-13,AZ1310120,AZ,221 Main Street,,Phoenix,AZ,85246,US,Personal,enterprise-synthetic-data-hub v0.1
d8bc351f-3823-e55c-e9a9-eee886885b77,Logan,Nguyen,1988-09-26,NV2000146,NV,222 Main Street,,Las Vegas,NV,89065,US,Personal,enterprise-synthetic-data-hub v0.1
4dabde3d-2ab5-54e3-ad15-1798bf39159d,Taylor,Nguyen,1987-03-23,CA9127984,CA,223 Main Street,Apt 323,San Mateo,CA,94890,US,Personal,enterprise-synthetic-data-hub v0.1
5d31360e-c88e-1ba5-fe57-5e0767fd8aea,Avery,Patel,2017-10-27,NV1493254,NV,224 Main Street,,Las Vegas,NV,89041,US,Commercial,enterprise-synthetic-data-hub v0.1
962333b8-c81d-c8fa-e5dd-8745b3084556,Logan,Thompson,2017-10-27,CA4421482,CA,225 Main Street,,San Mateo,CA,94684,US,Commercial,enterprise-synthetic-data-hub v0.1
26111f6d-bf33-b91c-f7b3-7c9163613de7,Alex,Patel,2009-10-28,CA5985891,CA,226 Main Street,Apt 326,Walnut Creek,CA,94773,US,Personal,enterprise-synthetic-data-hub v0.1
0d6d66f1-546b-fed8-cd98-1ede0fc3e3cc,Logan,Rivera,1997-08-24,OR6686350,OR,227 Main Street,,Eugene,OR,97208,US,Personal,enterprise-synthetic-data-hub v0.1
7b331b0d-ffee-b5a5-31e8-e46f4f1ebc3d,Casey,Rivera,2003-07-08,NV6210517,NV,228 Main Street,,Las Vegas,NV,89044,US,Commercial,enterprise-synthetic-data-hub v0.1
6ffeb738-2287-6c77-0634-b46ab3bc1dad,Morgan,Nguyen,2021-11-30,OR6865549,OR,229 Main Street,Apt 329,Portland,OR,97269,US,Personal,enterprise-synthetic-data-hub v0.1
057792bf-df0c-8aaa-12d4-ef43bd36a497,Avery,Smith,1971-10-04,NV3796203,NV,230 Main Street,,Las Vegas,NV,89010,US,Personal,enterprise-synthetic-data-hub v0.1
e2059fe9-5726-6b01-0a6d-559b2f1f9373,Taylor,Garcia,2000-08-10,NV4941515,NV,231 Main Street,,Henderson,NV,88996,US,Personal,enterprise-synthetic-data-hub v0.1
49c0d790-877a-0df0-2a80-59b380aca51a,Taylor,Nguyen,1992-10-15,WA2207152,WA,232 Main Street,Apt 332,Tacoma,WA,98439,US,Personal,enterprise-synthetic-data-hub v0.1
24ed7351-01dc-022b-a29a-08975369e48c,Casey,Thompson,1987-10-31,AZ9947353,AZ,233 Main Street,,Tempe,AZ,85253,US,Personal,enterprise-synthetic-data-hub v0.1
0df63a4e-455c-3240-4299-1d15b524a6fa,Alex,Garcia,1990-05-01,NV9014267,NV,234 Main Street,,Henderson,NV,89009,US,Personal,enterprise-synthetic-data-hub v0.1
c1bd219a-fb05-09a3-bc61-b2f817bef148,Morgan,Thompson,1991-04-21,WA1787483,WA,235 Main Street,Apt 335,Tacoma,WA,98358,US,Commercial,enterprise-synthetic-data-hub v0.1
c030b010-f07c-910c-f62c-0784177fb0a0,Casey,Nguyen,1988-08-24,OR7394732,OR,236 Main Street,,Portland,OR,97540,US,Commercial,enterprise-synthetic-data-hub v0.1
9cd62e59-0e56-35ec-d5b7-b0ebc88e7c55,Logan,Smith,2004-11-23,AZ2043271,AZ,237 Main Street,,Phoenix,AZ,85023,US,Commercial,enterprise-synthetic-data-hub v0.1
09b7d69d-b037-d77a-eb91-3ab7ce46f485,Morgan,Nguyen,1988-03-18,NV4034712,NV,238 Main Street,Apt 338,Henderson,NV,88963,US,Personal,enterprise-synthetic-data-hub v0.1
26f5c684-5beb-38f5-5b9b-ea972b40b971,Casey,Nguyen,1990-10-25,OR7863531,OR,239 Main Street,,Portland,OR,97114,US,Personal,enterprise-synthetic-data-hub v0.1
094156f4-cda4-e0ef-e9bf-c5ecd10f43fc,Avery,Patel,1987-12-11,CA2995573,CA,240 Main Street,,Walnut Creek,CA,94877,US,Personal,enterprise-synthetic-data-hub v0.1
5500f930-bcca-3f7c-00bf-1cf7b045c1d5,Morgan,Patel,1996-06-02,NV6619147,NV,241 Main Street,Apt 341,Las Vegas,NV,89149,US,Personal,enterprise-synthetic-data-hub v0.1
9451037e-82c9-a8d6-e187-497765fae9d2,Morgan,Patel,1986-01-21,AZ8240744,AZ,242 Main Street,,Tempe,AZ,85201,US,Personal,enterprise-synthetic-data-hub v0.1
076926bb-2138-200d-8641-685d431a96c5,Taylor,Patel,2017-09-16,WA4570155,WA,243 Main Street,,Tacoma,WA,98023,US,Commercial,enterprise-synthetic-data-hub v0.1
d27d6c76-0ade-d986-5e7d-d07f334a6077,Taylor,Rivera,1996-05-01,AZ1359263,AZ,244 Main Street,Apt 344,Phoenix,AZ,85129,US,Personal,enterprise-synthetic-data-hub v0.1
917d26c5-d405-b597-c807-b6a06ed42ed8,Jordan,Garcia,1977-04-15,OR8045352,OR,245 Main Street,,Portland,OR,97584,US,Personal,enterprise-synthetic-data-hub v0.1
ae07f8a3-62b5-637d-d1ad-562351af87e8,Logan,Garcia,1987-12-31,NV8345180,NV,246 Main Street,,Henderson,NV,88948,US,Personal,enterprise-synthetic-data-hub v0.1
bce4be3d-cfec-f259-b64a-4b9739caa593,Taylor,Garcia,1982-11-02,AZ5371218,AZ,247 Main Street,Apt 347,Phoenix,AZ,85099,US,Personal,enterprise-synthetic-data-hub v0.1
775164c9-4d7e-45e9-6a75-25a80ab17de3,Alex,Nguyen,1986-05-17,NV1176887,NV,248 Main Street,,Las Vegas,NV,89123,US,Personal,enterprise-synthetic-data-hub v0.1
a4142fd5-96e3-daac-f226-8882a2c7a72f,Morgan,Garcia,2007-12-31,AZ1523479,AZ,249 Main Street,,Tempe,AZ,85259,US,Commercial,enterprise-synthetic-data-hub v0.1
4024c933-5562-b678-1409-4a2a34e38e04,Casey,Smith,1971-07-23,AZ9969776,AZ,250 Main Street,Apt 350,Phoenix,AZ,85111,US,Personal,enterprise-synthetic-data-hub v0.1
846a158e-8b2a-b7e4-a203-701b06fb49aa,Alex,Rivera,2018-05-10,CA6377235,CA,251 Main Street,,San Mateo,CA,94935,US,Personal,enterprise-synthetic-data-hub v0.1
78f250d1-d510-fc54-d141-e70c9aacd5aa,Taylor,Zhou,1986-02-20,AZ9235100,AZ,252 Main Street,,Tempe,AZ,85236,US,Personal,enterprise-synthetic-data-hub v0.1
60a0c6b8-b267-4aed-6b58-3a0b3ee29456,Alex,Smith,2020-01-31,OR6630546,OR,253 Main Street,Apt 353,Eugene,OR,97417,US,Commercial,enterprise-synthetic-data-hub v0.1
9c53510c-4e77-de29-432b-8fcfe43c758a,Avery,Patel,1977-01-05,NV7275685,NV,254 Main Street,,Henderson,NV,88912,US,Personal,enterprise-synthetic-data-hub v0.1
d995d26a-2e65-bbcd-6706-324ac7ea3b46,Jordan,Thompson,2004-09-10,NV9555970,NV,255 Main Street,,Henderson,NV,88975,US,Personal,enterprise-synthetic-data-hub v0.1
60a9fe45-a352-d9b1-a4fd-5da0efccb29e,Jordan,Rivera,2012-08-10,NV3449451,NV,256 Main Street,Apt 356,Henderson,NV,89093,US,Personal,enterprise-synthetic-data-hub v0.1
438a4988-0001-bcaf-eb0e-d616095268b0,Jordan,Rivera,2024-03-08,WA5384573,WA,257 Main Street,,Tacoma,WA,98455,US,Commercial,enterprise-synthetic-data-hub v0.1
0ff4315a-5c6c-7fe6-6dbc-0e63f684f19b,Jordan,Garcia,1998-04-23,CA2411793,CA,258 Main Street,,San Mateo,CA,94781,US,Commercial,enterprise-synthetic-data-hub v0.1
5f2dc794-b47f-cb09-a994-72cbb7664b57,Jordan,Rivera,1983-07-09,AZ3889633,AZ,259 Main Street,Apt 359,Phoenix,AZ,85193,US,Commercial,enterprise-synthetic-data-hub v0.1
6f10173a-922c-2f73-ffed-ec4aaea8d23c,Taylor,Rivera,2008-12-27,CA1716460,CA,260 Main Street,,Walnut Creek,CA,94762,US,Commercial,enterprise-synthetic-data-hub v0.1
47a5539e-b347-395d-f149-5f59599b5f6f,Taylor,Nguyen,1975-07-12,NV5546108,NV,261 Main Street,,Henderson,NV,89098,US,Personal,enterprise-synthetic-data-hub v0.1
1e102075-b1c8-71f9-72ba-9360462e5ebf,Taylor,Garcia,2020-06-10,CA1657544,CA,262 Main Street,Apt 362,San Mateo,CA,94803,US,Personal,enterprise-synthetic-data-hub v0.1
d4522988-4b35-e2c8-90c0-3c8b30cbbbbe,Alex,Thompson,1978-06-25,WA9894504,WA,263 Main Street,,Tacoma,WA,98549,US,Personal,enterprise-synthetic-data-hub v0.1
10d5407d-5597-998d-4ed8-344252cb0e2c,Morgan,Patel,2022-09-16,CA5518990,CA,264 Main Street,,Walnut Creek,CA,94755,US,Commercial,enterprise-synthetic-data-hub v0.1
9fdb42b8-0979-13e0-6843-7857be3db0f2,Taylor,Zhou,2008-10-10,CA4920064,CA,265 Main Street,Apt 365,Walnut Creek,CA,94914,US,Commercial,enterprise-synthetic-data-hub v0.1
5863fbfc-7a7e-6203-3fb4-40bb6096c332,Casey,Patel,1975-09-28,WA2358359,WA,266 Main Street,,Tacoma,WA,98288,US,Personal,enterprise-synthetic-data-hub v0.1
0fcecc35-b6b8-25d2-0a55-24b84c643ef0,Casey,Rivera,1984-07-15,AZ3279273,AZ,267 Main Street,,Tempe,AZ,85144,US,Personal,enterprise-synthetic-data-hub v0.1
a646658b-5a1a-66d4-4219-838e9c9b201b,Jordan,Nguyen,2020-05-26,AZ3030091,AZ,268 Main Street,Apt 368,Phoenix,AZ,85191,US,Commercial,enterprise-synthetic-data-hub v0.1
0fd36f79-d1f1-71d1-6956-7efd28bb6eae,Logan,Garcia,2009-09-23,CA6240158,CA,269 Main Street,,San Mateo,CA,94675,US,Personal,enterprise-synthetic-data-hub v0.1
a58a2931-8077-6514-ea75-d255346f340c,Avery,Rivera,2014-10-19,NV6971839,NV,270 Main Street,,Henderson,NV,89053,US,Personal,enterprise-synthetic-data-hub v0.1
a4f90b59-9c9e-4782-54f8-0d9624ac1821,Logan,Smith,2011-07-27,AZ9231713,AZ,271 Main Street,Apt 371,Tempe,AZ,85060,US,Personal,enterprise-synthetic-data-hub v0.1
36d96b70-1e94-da5d-aec6-e0322d5651c0,Jordan,Smith,1992-01-16,CA9562146,CA,272 Main Street,,San Mateo,CA,94660,US,Personal,enterprise-synthetic-data-hub v0.1
894fc7fa-b1d1-5e2b-6701-d36ef937acc9,Avery,Rivera,1981-05-04,OR1414533,OR,273 Main Street,,Portland,OR,97571,US,Commercial,enterprise-synthetic-data-hub v0.1
624bf64c-ac60-6b6f-7302-755437138ca9,Morgan,Nguyen,2014-01-08,CA5400769,CA,274 Main Street,Apt 374,San Mateo,CA,94927,US,Personal,enterprise-synthetic-data-hub v0.1
c6b4e175-3e5a-637c-0a59-f7a6be830267,Avery,Smith,2003-07-11,OR4650600,OR,275 Main Street,,Eugene,OR,97217,US,Personal,enterprise-synthetic-data-hub v0.1
bfa6b6f7-d307-26ad-538f-7f18e0c0de5b,Avery,Thompson,1982-09-05,AZ9994687,AZ,276 Main Street,,Tempe,AZ,85076,US,Personal,enterprise-synthetic-data-hub v0.1
1b88d6ee-3cce-3124-72b0-c910cb1b5b2f,Logan,Thompson,1976-07-05,AZ6044550,AZ,277 Main Street,Apt 377,Phoenix,AZ,85089,US,Personal,enterprise-synthetic-data-hub v0.1
22200cbe-b2a8-3a69-344f-5b9cbc947f36,Avery,Zhou,1989-02-12,NV3938612,NV,278 Main Street,,Las Vegas,NV,89168,US,Commercial,enterprise-synthetic-data-hub v0.1
f08e5311-1b17-9dbd-7643-e8acfd7cc60f,Taylor,Nguyen,1987-10-01,OR2601599,OR,279 Main Street,,Portland,OR,97489,US,Personal,enterprise-synthetic-data-hub v0.1
b1bd0aa5-654c-255a-e1a3-7f978d7daa4a,Logan,Rivera,2009-07-08,NV8994987,NV,280 Main Street,Apt 380,Henderson,NV,88926,US,Commercial,enterprise-synthetic-data-hub v0.1
6849abda-6fef-62d6-ec8a-7bd375c55925,Casey,Thompson,2016-05-19,CA2355802,CA,281 Main Street,,San Mateo,CA,94766,US,Personal,enterprise-synthetic-data-hub v0.1
2de41d88-1371-9596-6f7c-729ac772d4f4,Avery,Thompson,2024-06-20,CA5060010,CA,282 Main Street,,Walnut Creek,CA,94719,US,Commercial,enterprise-synthetic-data-hub v0.1
56d0030d-b841-6321-a419-91e5602841b1,Jordan,Smith,1984-05-10,NV4437384,NV,283 Main Street,Apt 383,Henderson,NV,89108,US,Commercial,enterprise-synthetic-data-hub v0.1
13161492-6d45-4464-7d8b-0a1b64de4bbf,Casey,Zhou,2010-06-25,NV5898421,NV,284 Main Street,,Henderson,NV,88947,US,Personal,enterprise-synthetic-data-hub v0.1
74799a73-6313-32b1-9abb-1035552c0c6a,Jordan,Thompson,2015-04-15,AZ7676185,AZ,285 Main Street,,Tempe,AZ,85036,US,Personal,enterprise-synthetic-data-hub v0.1
462e49f5-96ab-c080-a91f-c5220797864d,Morgan,Thompson,1982-07-06,AZ9647578,AZ,286 Main Street,Apt 386,Phoenix,AZ,85192,US,Personal,enterprise-synthetic-data-hub v0.1
ff2b174e-57a8-a191-d9c2-b02baba164dd,Alex,Thompson,2009-10-16,NV1381618,NV,287 Main Street,,Henderson,NV,88943,US,Commercial,enterprise-synthetic-data-hub v0.1
a26703c3-64aa-e6db-56ad-2005ce0f593c,Casey,Garcia,2013-12-12,OR3997100,OR,288 Main Street,,Portland,OR,97585,US,Personal,enterprise-synthetic-data-hub v0.1
8c9e2506-1907-557b-81f4-5137922c8eca,Avery,Patel,1986-08-26,NV8889579,NV,289 Main Street,Apt 389,Las Vegas,NV,89085,US,Commercial,enterprise-synthetic-data-hub v0.1
6a17c002-4f07-80d7-92fe-0b83421f256f,Jordan,Rivera,1997-07-04,CA2249064,CA,290 Main Street,,San Mateo,CA,94914,US,Commercial,enterprise-synthetic-data-hub v0.1
477eccd6-5f78-8b3a-31d4-2cc3a1eee609,Taylor,Garcia,1985-02-01,WA7229031,WA,291 Main Street,,Tacoma,WA,98377,US,Personal,enterprise-synthetic-data-hub v0.1
83bc7a65-6c31-acfa-e881-6e80ecacbce1,Logan,Patel,1992-12-04,NV4790087,NV,292 Main Street,Apt 392,Henderson,NV,89058,US,Personal,enterprise-synthetic-data-hub v0.1
52b825a0-2a12-03e8-30c0-f0823ec9c0d3,Avery,Patel,2010-02-04,OR9746739,OR,293 Main Street,,Portland,OR,97243,US,Personal,enterprise-synthetic-data-hub v0.1
c34175de-6ed4-5a70-93ef-6cc1f910a3d5,Casey,Smith,1973-07-04,WA7571964,WA,294 Main Street,,Seattle,WA,98115,US,Personal,enterprise-synthetic-data-hub v0.1
3500d864-b37a-3347-2740-6bdd2ad8c05a,Alex,Zhou,2005-07-18,NV7364158,NV,295 Main Street,Apt 395,Las Vegas,NV,88990,US,Personal,enterprise-synthetic-data-hub v0.1
489cee76-a825-ff7d-4626-6ebe51cddadc,Alex,Nguyen,1990-07-14,NV8559000,NV,296 Main Street,,Henderson,NV,88985,US,Personal,enterprise-synthetic-data-hub v0.1
83f8aa64-42b0-3bf2-b9e0-6fee384882db,Taylor,Thompson,1992-10-17,OR3849716,OR,297 Main Street,,Portland,OR,97070,US,Personal,enterprise-synthetic-data-hub v0.1
246e5df0-2044-4674-5404-4df6d93e08bb,Jordan,Nguyen,1981-06-20,WA8254797,WA,298 Main Street,Apt 398,Seattle,WA,98502,US,Commercial,enterprise-synthetic-data-hub v0.1
dce2908e-7a6d-0fc0-ad5d-971345227c42,Casey,Thompson,1984-11-25,NV1493004,NV,299 Main Street,,Las Vegas,NV,88965,US,Personal,enterprise-synthetic-data-hub v0.1
